<?xml version="1.0" encoding="UTF-8"?>
<project-private xmlns="http://www.netbeans.org/ns/project-private/1">
    <editor-bookmarks xmlns="http://www.netbeans.org/ns/editor-bookmarks/2" lastBookmarkId="0"/>
    <open-files xmlns="http://www.netbeans.org/ns/projectui-open-files/2">
        <group>
            <file>file:/C:/Users/losmo/Documents/NetBeansProjects/AplicacionPeluditos/src/aplicacionpeluditos/Mascota.java</file>
            <file>file:/C:/Users/losmo/Documents/NetBeansProjects/AplicacionPeluditos/src/aplicacionpeluditos/MenuPrincipal.java</file>
            <file>file:/C:/Users/losmo/Documents/NetBeansProjects/AplicacionPeluditos/src/aplicacionpeluditos/PantallaInicio.java</file>
            <file>file:/C:/Users/losmo/Documents/NetBeansProjects/AplicacionPeluditos/src/aplicacionpeluditos/PerfilCliente.java</file>
            <file>file:/C:/Users/losmo/Documents/NetBeansProjects/AplicacionPeluditos/src/aplicacionpeluditos/PerfilMascota.java</file>
            <file>file:/C:/Users/losmo/Documents/NetBeansProjects/AplicacionPeluditos/src/aplicacionpeluditos/ServiciosVeterinarios.java</file>
            <file>file:/C:/Users/losmo/Documents/NetBeansProjects/AplicacionPeluditos/src/aplicacionpeluditos/VentanaCitas.java</file>
            <file>file:/C:/Users/losmo/Documents/NetBeansProjects/AplicacionPeluditos/src/aplicacionpeluditos/VentanaClientes.java</file>
            <file>file:/C:/Users/losmo/Documents/NetBeansProjects/AplicacionPeluditos/src/aplicacionpeluditos/VentanaMascotas.java</file>
            <file>file:/C:/Users/losmo/Documents/NetBeansProjects/AplicacionPeluditos/src/aplicacionpeluditos/VentanaVeterinarios.java</file>
            <file>file:/C:/Users/losmo/Documents/NetBeansProjects/AplicacionPeluditos/src/aplicacionpeluditos/VerCitas.java</file>
            <file>file:/C:/Users/losmo/Documents/NetBeansProjects/AplicacionPeluditos/src/aplicacionpeluditos/Veterinario.java</file>
        </group>
    </open-files>
</project-private>
